lender,address
Ace Cash Express,"810 E Wishkah St Aberdeen WA, 98520"
Advance America Cash Advance,"1029 East Wishkah Street Suite B Aberdeen WA, 98520"
Advance Cash,"209 East Wishkah Street Aberdeen WA, 98520"
Harbor Adjustment Company,"316 West Heron Street Aberdeen WA, 98520"
Paycheck,"716 West Market Street Aberdeen WA, 98520"
Paycheck Financial Centers,"716 W Market St Aberdeen WA, 98520"
Rent A Center,"2703 Sumner Ave Aberdeen WA, 98520"
Cash Express,"11980 West Sunset Highway Airway Heights WA, 99001"
Moneytree,"12924 W Sunset Hwy Airway Heights WA, 99001"
Ace America’s Cash Express,"2105 Auburn Way South Suite D Auburn WA, 98002"
Ace America’s Cash Express,"1537 Auburn Way N Ste A Auburn WA, 98002"
Advance America,"1317 Auburn Way North Auburn WA, 98002"
Advance Checking,"913 D Street Southeast Auburn WA, 98002"
Auburn Discount Auto,"4111 Auburn Way North Auburn WA, 98002"
CASH 1,"2120 Auburn Way N Auburn WA, 98002"
Check Into Cash,"1210 Auburn Way North Suite A Auburn WA, 98002"
Checkmate,"901 Auburn Way North Auburn WA, 98002"
Checkmate Check Cashing,"34910 Enchanted Pkwy S Auburn WA, 98003"
Dollarwise,"2816 Auburn Way North Auburn WA, 98002"
Dollarwise,"2146 Sw 336th St Auburn WA, 98001"
Emergency Cash,"2120 Auburn Way N Auburn WA, 98002"
CASH1,"Auburn Auburn WA, 98001"
A A A A Inc,"Po Box 3221 Bellevue WA, 98009"
Check Cashing Money Tree,"10692 Northeast 8th Street Bellevue WA, 98004"
Check Into Cash,"15015 Main Street Suite 103 Bellevue WA, 98007"
Check Masters,"225 Bellevue Way Northeast Bellevue WA, 98004"
Check Masters,"Crossroads Bellevue WA, 98004"
Check Masters,"1313 156Th Avenue Northeast Suite 205 Bellevue WA, 98007"
Check Masters,"12816 Southeast 38th Street Suite C Bellevue WA, 98006"
Debtnet Financial Services,"13353 Bel Red Road Suite 107 Bellevue WA, 98005"
F & E Check Protection Systems,"845 106th Avenue Northeast Bellevue WA, 98004"
F & E Check Protection Systems,"322 Center Street Bellevue WA, 82633"
F & E Check Protection Systems,"3245 110th Avenue Southeast Bellevue WA, 98004"
Mc Carthy Finance Inc,"12816 Southeast 38th Street Suite C Bellevue WA, 98006"
Moneytree,"10692 Ne 8th St Bellevue WA, 98004"
Moneytree,"14921 Ne 20th St Bellevue WA, 98007"
Ace Cash Advance,"1658 Birchwood Ave Bellingham WA, 98225"
Ace Cash Express,"4145 Meridian St Bellingham WA, 98226"
Ace Cash Express,"3924 Primrose Ln Bellingham WA, 98226"
Ace Cash Express,"1070 Lakeway Dr Bellingham WA, 98229"
Advance America,"1187 East Sunset Drive Bellingham WA, 98226"
Check Into Cash,"3908 Meridian Street Suite 106 Bellingham WA, 98226"
Check Into Cash of Washington,"324 36th St Bellingham WA, 98225"
Check Master,"711 E Holly at Lakeway Bellingham WA, 98225"
Check Station,"711 East Holly Street Bellingham WA, 98225"
Moneytree,"4220 Meridian Street Suite A Bellingham WA, 98226"
Action Tax Express,"20611 Bothell Everett Highway Bothell WA, 98012"
Advance America,"20611 Bothell Everett Highway Suite Bothell WA, 98012"
Advance America,"18827 Bothell Way Ne Ste 106 Bothell WA, 98011"
Allied Cash Advance,"20806 Bothell Everett Hwy Bothell WA, 98021"
Cell World,"20611 Bothell Everett Highway Suite E Bothell WA, 98012"
Check Masters,"17208 Bothell Way Northeast Bothell WA, 98011"
Check Masters,"2020 Maltby Road Bothell WA, 98021"
Mc Carthy Finance Inc,"17208 Bothell Way Northeast Bothell WA, 98011"
Moneytree,"18001 Bothell Everett Highway Suite V Bothell WA, 98012"
Moneytree,"4436 Rainier Ave S Bothell WA, 98011"
Ace Cash Advance,"3100 Kitsap Way Bremerton WA, 98312"
Ace Cash Advance,"5060 State Highway 303 Ne Ste Bremerton WA, 98311"
Advance America,"1550 Northeast Riddell Road Suite N Bremerton WA, 98310"
Cash Advantedge,"3320 Wheaton Way Bremerton WA, 98310"
Cash Box,"1405 Northeast Mcwilliams Rd Ste 103 Bremerton WA, 98311"
Cashback Catalog Sales Inc,"5050 State Highway 303 Northeast Suite 1 Bremerton WA, 98311"
Check Into Cash of Washington,"4203 Wheaton Way Suite D Bremerton WA, 98310"
Check-X-Change,"4110 Wheaton Way Bremerton WA, 98310"
Moneytree,"3720 Kitsap Way Bremerton WA, 98312"
Moneytree,"4110 Wheaton Way # A Bremerton WA, 98310"
Mr Cash,"3320 Wheaton Way Bremerton WA, 98310"
Ace America’s Cash Advance,"14615 1st Avenue South Burien WA, 98168"
Check Into Cash,"15728 1st Avenue South Burien WA, 98148"
Emergency Cash,"15405 1St Ave S Burien WA, 98148"
Hedman Co,"14042 8th Avenue South Burien WA, 98168"
Money Tree,"116 Southwest 148th Street Burien WA, 98166"
Ace America’s Cash Advance,"27009 Pacific Highway South Des Moines WA, 98198"
Advance America,"21423 International Boulevard Des Moines WA, 98198"
Dollarwise,"22848 Pacific Highway South Des Moines WA, 98198"
Advance America,"22611 76th Avenue West Edmonds WA, 98026"
Advance Till Payday,"22315 Highway 99 Edmonds WA, 98026"
Cash Store,"23632 Highway 99 Edmonds WA, 98026"
Checkmate,"23830 Aurora Avenue North Edmonds WA, 98026"
Ace America’s Cash Advance,"5108 Evergreen Way Suite 1B Everett WA, 98203"
Ace America’s Cash Advance,"11216 Highway 99 Everett WA, 98204"
Ace Cash Advance,"7424 Evergreen Way Everett WA, 98203"
Ace Cash Advance,"11802 Evergreen Way Everett WA, 98204"
Advance America,"1001 North Broadway Suite B3 Everett WA, 98201"
Advance America,"10121 Evergreen Way Suite 27 Everett WA, 98204"
Advance America,"9414 State Avenue Everett WA, 98201"
Advance Til Payday,"2024 Broadway Everett WA, 98201"
Cascade Federal Credit Union,"12916 4th Ave W Suite A Everett WA, 98204"
Cash In A Flash,"7606 Beverly Blvd Suite B Everett WA, 98203"
Check Into Cash,"1242 East State Avenue Everett WA, 98201"
Check Into Cash,"7601 Evergreen Way Everett WA, 98203"
Check Into Cash,"1604a Broadway Everett WA, 98201"
Check Masters,"2003 132nd St Se Murphys Cor Everett WA, 98201"
Check Masters,"210 Sw Everett Mall Way Everett WA, 98204"
Check Masters,"2020 Maltby Rd Thrashers Cor Everett WA, 98201"
Check Masters,"1418 1st Ave Pike Pl Everett WA, 98201"
Check-X-Change,"209 East Casino Road Everett WA, 98208"
Check-X-Change,"717 128th Street Southwest Everett WA, 98204"
Check-X-Change,"902 North Broadway Suite D Everett WA, 98201"
Dollarwise,"4027 Rucker Avenue Suite A Everett WA, 98201"
Eagle Cash Express,"9610 Evergreen Way Everett WA, 98204"
Loan Mart Money Mart,"315 E Casino Rd Ste B Everett WA, 98208"
Money Mart,"12720 4th Avenue West Everett WA, 98204"
Money Mart,"717-128 Street Southwest Everett WA, 98201"
Moneytree,"309 East Casino Road Everett WA, 98208"
Moneytree,"717 128th Street Southwest Suite A100 Everett WA, 98204"
Moneytree,"902 N Broadway Ste D Everett WA, 98201"
Payday Express,"9623 32nd St Se Ste B101 Everett WA, 98205"
Ace America’s Cash Advance,"27009 Pacific Highway South Federal Way WA, 98003"
Advance America,"1706 South 320th Street Federal Way WA, 98003"
Advance America,"34029 Hoyt Rd Sw Federal Way WA, 98023"
Advance America,"27400 Pacific Hwy S Federal Way WA, 98003"
Allied Cash Advance,"28839 Military Rd S Federal Way WA, 98003- Tel: (253)-839-0180"
Cash Flow,"32700 Pacific Highway South Suite 8 Federal Way WA, 98003"
Checkmate,"34910 Enchanted Pkwy S Federal Way WA, 98003"
Check Rite,"507 Broadway Street Federal Way WA, 82901"
Dollarwise,"31007 Pacific Highway South Federal Way WA, 98003"
Dollarwise,"2146 Southwest 336th Street Federal Way WA, 98023"
Emergency Cash Federal Way,"28631 Pacific Hwy S Federal Way WA, 98003"
Fast Cash Loans,"34507 Pacific Highway South Suite 3 Federal Way WA, 98003- Tel: (206)-292-9480"
Money Services,"2020 South 320th Street Federal Way WA, 98003"
Moneytree,"31625 Pacific Highway South Federal Way WA, 98003"
Pfh Inc,"33320 9th Ave S Ste 200 Federal Way WA, 98003"
Ace America’s Cash Advance,"3600 W Clearwater Ave Kennewick WA, 99336"
Advance America,"4430 West Clearwater Avenue Kennewick WA, 99336"
Allied Cash Advance,"3001 W 10th Ave Kennewick WA, 99336"
Armada Corporation,"1045 West Columbia Drive Kennewick WA, 99336"
Associated Credit Service,"Kennewick Kennewick WA, 99336"
Cash ASAP,"4008 W 27th Ave Kennewick WA, 99337"
Cash Store,"2531 West Kennewick Avenue Kennewick WA, 99336"
Cash Store,"133 N Ely St Kennewick WA, 99336"
Check Into Cash,"4711 W Clearwater Ave Kennewick WA, 99336"
Checks Cashed Moneytree,"228 N Benton St Kennewick WA, 99336"
Cottonwood Financial Lp,"2531 W Kennewick Ave Kennewick WA, 99336"
Money Tree,"220 Vista Way Kennewick WA, 99336"
Moneytree Inc,"3600 West Clearwater Avenue Kennewick WA, 99336"
Nationwide Budget Finance,"4218 West Clearwater Avenue Kennewick WA, 99336"
Quik Cash,"4218 W Clearwater Ave Kennewick WA, 99336"
Rent A Center,"3600 W Clearwater Ave Kennewick WA, 99336"
A 1 Advance Checking,"517 Central Avenue North Kent WA, 98032"
Ace America’s Cash Advance,"25445 104th Ave Se Ste 102 Kent WA, 98030"
Ace America’s Cash Advance,"1432 W Meeker St Kent WA, 98032"
Advance America,"1313 West Meeker Street Kent WA, 98032"
Advance America,"26019 104th Avenue Southeast Kent WA, 98030"
Advance America,"228 Washington Ave S Kent WA, 98032"
Advance America,"13003 Se Kent Kangley Rd Ste 1 Kent WA, 98030"
Advance Til Payday 0913,"1529 W Meeker St Ste 102 Kent WA, 98032"
Allied Cash Advance,"10216 Se 256th St Ste 104 Kent WA, 98030"
CASH 1,"26136 Pacific Hwy S Kent WA, 98032"
Cash Advantedge,"25841 104th Ave Se Kent WA, 98030"
Check Into Cash,"10601 Southeast 240Th Street Kent WA, 98031"
Check Into Cash,"23301 Pacific Hwy S Kent WA, 98032"
Check Masters,"118 Central Avenue South Kent WA, 98032"
Checkmate,"144 Washington Avenue North Kent WA, 98032"
Dollarwise,"10426 Southeast Kent Kangley Road Kent WA, 98030"
Dollarwise,"167Th & Kent Kangley Kent WA, 98042"
Monetary Management Of Ca Inc,"26122 Pacific Hwy S Kent WA, 98032"
Moneytree,"25260 104th Ave Se Kent WA, 98030"
Northwest Payday Loans,"321 Washington Avenue South Kent WA, 98032"
Pacific Checks Inc,"10426 Se Kent Kangley Rd Kent WA, 98030"
Pacific Checks Inc,"22848 Pacific Highway South Kent WA, 98032"
Check Into Cash,"8548 122nd Ave Ne Kirkland WA, 98033"
Check Into Cash,"11420 Northeast 124th Street Kirkland WA, 98034"
Check Masters,"12840 Northeast 85th Street Kirkland WA, 98033"
Moneytree,"12407 Northeast 124th Street Kirkland WA, 98034 Kirkland WA, 98033"
Access Cash Payday Advance,"5710 Ruddell Road Southeast Suite 6 Lacey WA, 98503"
Advance America,"909 Sleater Kinney Road Southeast Lacey WA, 98503"
Allied Cash Advance,"5840 Pacific Ave Se Ste A Lacey WA, 98503"
Ace Cash Express,"10519 Bridgeport Way Sw Lakewood WA, 98499"
Ace Cash Express,"7701 Steilacoom Blvd Sw Ste 4 Lakewood WA, 98498"
Advance America,"5700 100th Street Southwest Lakewood WA, 98499"
Advance America,"7801 Bridgeport Way W Ste 100 Lakewood WA, 98499"
Advance Cash,"5939 Steilacoom Blvd Sw Lakewood WA, 98499"
Allied Cash Advance,"9523 Gravelly Lake Dr Sw Lakewood WA, 98499"
B & I Check Cashing,"8012 South Tacoma Way Suite 20 Lakewood WA, 98499"
Cash N Advance,"15109 Union Avenue Southwest Lakewood WA, 98498"
Check Into Cash,"11011 Bridgeport Way Southwest Lakewood WA, 98499"
Check Into Cash,"5605 Lakewood Towne Center Blv Lakewood WA, 98499"
Checkmate,Lakewood
J & S Payday Loans Inc,"10307 Bridgeport Way Southwest Suite A Lakewood WA, 98499"
Kash It Inc,"15206 Union Avenue Southwest Suite 2 Lakewood WA, 98498"
Loan Mart Money Mart,"10011 Bridgeport Way Sw Ste 70 Lakewood WA, 98499"
Monetary Management Of Ca Inc,"10009 Bridgeport Way Sw Lakewood WA, 98499"
Moneyback,"15206 Union Avenue Southwest Suite 2 Lakewood WA, 98498"
Moneyback,"15109 Union Avenue Southwest Lakewood WA, 98498"
Moneyback,"11916 Pacific Highway Southwest Lakewood WA, 98499"
Moneytree,"8904 S Tacoma Way Lakewood WA, 98499"
Payday Xpress,"12500 Bridgeport Way Southwest Lakewood WA, 98499"
Rent A Center,"5309 100th St Sw Lakewood WA, 98499"
Cash & Go,"1059 14th Avenue Longview WA, 98632"
Check Into Cash of Washington,"780 Ocean Beach Hwy Longview WA, 98632"
Longview Bail Bonds,"1303 Commerce Avenue Longview WA, 98632"
Moneytree,"923 Ocean Beach Hwy Longview WA, 98632"
Quik Cash,"827 Ocean Beach Hwy Ste B Longview WA, 98632"
Speedy Cash,"3125 Ocean Beach Hwy Longview WA, 98632"
Til Payday Inc,"1146 15th Avenue Suite B Longview WA, 98632"
Ace Cash Express,"4520 200th St Sw Lynnwood WA, 98036"
Advance America,"4320 196th Street Southwest Suite F Lynnwood WA, 98036"
Allied Cash Advance,"13619 Mukilteo Speedway Lynnwood WA, 98087"
Allied Cash Advance,"1233 164th St Sw Lynnwood WA, 98087"
Check Into Cash,"3815 196th Street Southwest Suite 124 Lynnwood WA, 98036"
Check Into Cash,"20101 44th Ave W Lynnwood WA, 98036"
Check Masters,"19920 Highway 99 Suite B Lynnwood WA, 98036"
Checkmate,"3925 196th Street Southwest Suite B Lynnwood WA, 98036"
Chek Protekt,"5700 188th Street Southwest Suite B Lynnwood WA, 98037"
Dollarwise,"20007 44th Avenue West Suite B Lynnwood WA, 98036"
Fast Cash Loans,"Lynnwood Lynnwood WA, 98036"
Mc Carthy Finance Inc,"1120 164th St Sw Ste A1 Lynnwood WA, 98087"
Moneytree,"17605 Highway 99 Lynnwood WA, 98037"
Nationwide Acceptance,"4525 Southwest 164th Street Lynnwood WA, 98037"
Ace Cash Express,"1212 State Ave Marysville WA, 98270"
Advance America,"9414 State Avenue Suite E Marysville WA, 98270"
Check Into Cash,"1242 State Ave Marysville WA, 98270"
Check-X-Change,"9302 State Avenue Marysville WA, 98270"
Fastcashloans,"1227 State Ave Marysville WA, 98270"
Moneytree Inc,"9815 State Ave Marysville WA, 98270, 98632"
A Skagit Pawn & Payday Loan,"628 West Division Street Mount Vernon WA, 98273"
Check Into Cash,"323 East College Way Suite B Mount Vernon WA, 98273"
Moneytree,"425 East College Way Suite 105 Mount Vernon WA, 98273"
Rent A Center,"220 E College Way Mount Vernon WA, 98273"
Ace Cash Express,"310 Se Midway Blvd Oak Harbor WA, 98277"
Advance America Cash Advance,"31595 State Route 20 Oak Harbor WA, 98277"
Cashback,"31780 State Route 20 Suite 2 Oak Harbor WA, 98277"
Cca Check Cashing Advance,"31531 Sr 20 Oak Harbor WA, 98277"
Credit Bureau Of Island County,"1175 Southeast Ireland Street Oak Harbor WA, 98277"
Moneytree,"31179 State Route 20 Ste 102 Oak Harbor WA, 98277"
Access Cash,"9408 Martin Way E Ste 3 Olympia WA, 98516"
Access Cash Inc,"4320 Martin Way East Olympia WA, 98516"
Access Cash Payday Advance,"Olympia Olympia WA, 98501"
Ace Cash Express,"400 Cooper Point Rd Sw Ste 14 Olympia WA, 98502"
Ace Cash Express,"3430 Pacific Ave Se Olympia WA, 98501"
Advance Cash,"7941 Martin Way E Olympia WA, 98516"
Allied Cash Advance,"3959 Martin Way E Olympia WA, 98506"
Check Into Cash,"2106 Harrison Avenue Northwest Olympia WA, 98502"
Check Into Cash of Washington,"1401 Marvin Rd Ne Ste 308 Olympia WA, 98516"
Checkmate,Olympia
Fairway Collection Services,"1428 4th Avenue East Olympia WA, 98506"
Money Depot,"400 Cooper Point Rd Sw Ste F3 Olympia WA, 98502"
Paycheck,"1905 4th Avenue East Olympia WA, 98506"
Payday Express,"1621 Harrison Avenue Northwest Olympia WA, 98502"
Timberland Collections,"Olympia Olympia WA, 98501"
United Check Cashing,"4320 Martin Way E Olympia WA, 98516"
United Postal Express,"3430 Pacific Avenue Southeast Suite A6 Olympia WA, 98501"
Ace Cash Advance,"3405 W Court St Pasco WA, 99301"
Check Into Cash,"5210 N Road 68 Pasco WA, 99301"
Cs Check Cashing,"1406 North 20th Avenue Pasco WA, 99301"
Medical Credit Service,"510 North 20th Avenue Suite D Pasco WA, 99301"
Moneytree,"1406 North 20th Avenue Suite A Pasco WA, 99301"
Profit Aids Inc,"510 North 20th Avenue Pasco WA, 99301"
Quik Cash,"4525 N Road 68 Pasco WA, 99301"
Rent A Center,"2020 W Court St Pasco WA, 99301"
Spot Check,"Pasco Pasco WA, 99301"
Spotcheck,"510 North 20th Avenue Suite B Pasco WA, 99301"
Check Into Cash,"594 Se Bishop Blvd Pullman WA, 99163"
Exs Electronic Exchange Systems,"102 W Main Street Mall Pullman WA, 99163"
Ace Cash Express,"4121 S Meridian Puyallup WA, 98373"
Ace Cash Express,"311 River Rd Puyallup WA, 98371"
Advance America,"16116 Meridian East Puyallup WA, 98375"
Advance America,"Meridian Avenue Puyallup WA, 98371"
Advance America,"12413 Meridian East Suite C Puyallup WA, 98373"
Advance Cash,"219 North Meridian Puyallup WA, 98371"
Allied Cash Advance,"11012 Canyon Rd E Ste 10 Puyallup WA, 98373"
Cash It Inc,"3823 Meridian St S Puyallup WA, 98373"
Cash It Inc,"S Hill Puyallup WA, 98371"
Cash Store,"101 37th Ave Se Ste A1 Puyallup WA, 98374"
Checkmate,Puyallup
Christina Thurman,"3924 S Meridian Ste C Puyallup WA, 98373"
Express Financial Centers,"17526 Meridian E Puyallup WA, 98375"
Instant Cash,"13507 Meridian East Suite I Puyallup WA, 98373"
Monetary Management Of Ca Inc,"3712 9th St Sw Ste 3 Puyallup WA, 98373"
Rent A Center,"601 S Meridian Puyallup WA, 98371"
A A A A Collections,"594 Se Bishop Blvd Pullman WA, 99163"
Ace America’s Cash Express,"251 Sunset Boulevard North Renton WA, 98055"
Ace Cash Express,"3901 Ne 4th St Ste 111 Renton WA, 98056"
Advance America,"601 South Grady Way Suite K Renton WA, 98055"
Advance America,"3904 Ne 4th St Renton WA, 98056"
Advance Til Payday,"1222 Bronson Way North Suite 110 Renton WA, 98055"
Check Into Cash,"64 Rainier Avenue South Renton WA, 98055"
Check Masters,"134 Rainier Ave S Renton WA, 98057"
Checkmate,"3901 Northeast 4th Street Renton WA, 98056"
Checkmate Renton,"1250 Sw 43rd St Ste D Renton WA, 98055"
Monetary Management Of Ca Inc,"10561 Se Carr Rd Renton WA, 98055"
Money Tree,"17234 140th Avenue Southeast Renton WA, 98058"
Moneytree,"4033 Northeast Sunset Boulevard Suite 5 Renton WA, 98056"
Moneytree,"528 Rainier Avenue South Renton WA, 98055"
Moneytree,"4033 Ne Sunset Blvd Renton WA, 98056"
Moneytree,"528 Rainier Ave S Renton WA, 98057"
Quik Cash,"3005 Ne Sunset Blvd Renton WA, 98056"
Ace Cash Express,"1301 Jadwin Ave Richland WA, 99354"
Cash Store,"960 George Washington Wy Richland WA, 99352"
Check Into Cash,"1733 George Washington Wy Richland WA, 99352"
Evergreen Financial Services,"Richland Richland WA, 99352"
Kb Loan Store,"427 Wellsian Way Richland WA, 99352"
Moneytree,"1057 George Washington Way # A Richland WA, 99352"
Quik Cash,"1402 Jadwin Ave Richland WA, 99354"
E-Z Check Cash,"19019 International Boulevard Seatac WA, 98188"
Ace America’s Cash Express,"1828 1/2 Broadway Seattle WA, 98122"
Ace Cash Express,"1028 Madison St Seattle WA, 98104"
Ace Cash Express,"4519 University Way Ne Seattle WA, 98105"
Ace Cash Express,"3109 Rainier Ave S Seattle WA, 98144"
Ace Cash Express,"829 Ne Northgate Way Seattle WA, 98125- Tel: (206)-364-0780"
Ace Cash Express,"13754 Aurora Ave N Ste A Seattle WA, 98133"
Advance America,"3004 Northeast 127Th Street Seattle WA, 98125"
Advance America,"306 23rd Ave S Seattle WA, 98144"
Advance America,"2756 Ne 45th St Seattle WA, 98105"
Advance America,"2100 N Northgate Way Ste C Seattle WA, 98133- Tel: (206)-362-6900"
Advance America,"8014 Lake City Way Ne Seattle WA, 98115"
Alki Mail & Dispatch,"2536 Alki Avenue Southwest Seattle WA, 98116"
Cash 1,"12230 Aurora Ave N Seattle WA, 98133"
Cash Advantedge,"6026 Martin Luther King Jr Way Seattle WA, 98118"
Cash On The Spot,"1105 23rd Ave Seattle WA, 98122"
Cashoninternet.Com,"Seattle Seattle WA, 98101"
Check Cashing At Money Mart,"1407 East Madison Street Seattle WA, 98122"
Check Cashing At Money Mart,"9612 17th Avenue Southwest Seattle WA, 98106"
Check Cashing At Money Mart,"7266 Rainier Avenue South Seattle WA, 98118"
Check Cashing At Money Mart,"6055 Mrtn Lthr Kng Jr Wy Seattle WA, 98118"
"Check Cashing At Money Mart -1206 1St Avenue Seattle WA, 98101",Tel: (206)-622-2274
Check Cashing At Money Mart,"824 Northeast 45th Street Seattle WA, 98105"
Check Into Cash,"3223 Northeast 145Th Street Seattle WA, 98155"
Check Into Cash,"5963 Corson Ave S Seattle WA, 98108"
Check Into Cash of Washington,"15216 Aurora Ave N Seattle WA, 98133"
Check Mart Check Cashing Cente,"501 3rd Ave Seattle WA, 98104"
Check Mart Check Cashing Cente,"9612 17th Ave Sw Seattle WA, 98106"
Check Masters,"323 Broadway East Seattle WA, 98102"
Check Masters,"1418 1St Avenue Seattle WA, 98101"
Check Masters,"2006 Fairview Avenue Seattle WA, 98121"
Check Masters,"Seattle Seattle WA, 98177"
Check Masters,"2300 North 45th Street Seattle WA, 98103"
Check Masters,"9841 Aurora Avenue North Seattle WA, 98103"
Check Masters,"539 Queen Anne Ave N Seattle WA, 98109"
Check Masters,"2006 Fairview Ave Seattle WA, 98121"
Check Masters,"10416 Aurora Ave N Seattle WA, 98133"
Check Masters,"2146 Southwest 36th Street Tacoma WA, 98402"
Check Masters,"11064 Lake City Way Ne Ste 6 Seattle WA, 98125"
Check Masters,"1313 156th Ave Ne Seattle WA, 98101"
Check Masters,"2003 132nd St Se Murphys Cor Seattle WA, 98101"
Check Masters,Lake City Store
Check X Change,"6538 4th Ave S Seattle WA, 98108, 98409"
Checkrite,"Seattle Seattle WA, 98101"
Cummins-Allison Corporation,"6118 6th Avenue South Seattle WA, 98108"
Cummins-Allison Corporation,"655 South Orcas Street Suite 100 Seattle WA, 98108"
Dax Exchange Video & Gifts,"6951 Mrtn Lthr Kng Jr Wy Seattle WA, 98118"
Delaware Cheque Cashing,"9211 Delridge Way Sw Seattle WA, 98106"
Dollarwise,"15001 Tukwla Intrntnl Boulevard Seattle WA, 98188"
Dollarwise,"9211 Delridge Way Southwest Seattle WA, 98106"
Drico Recovery Services,"4719 University Way Northeast Seattle WA, 98105"
E Z Check Cash,"1001 4th Ave Seattle WA, 98154"
Grace Foreign Exchange,"7101 Mrtn Lthr Kng Jr Wy Seattle WA, 98118"
Hedman Co,"Seattle Seattle WA, 98101"
Loan Mart Money Mart,"9612 17th Ave Sw # 1144 Seattle WA, 98106"
Loan Mart Money Mart,"824 Ne 45th St Seattle WA, 98105"
Loan Mart Money Mart,"6055 Martin Luther King Jr Way Seattle WA, 98118"
Mail Boxes Etc Usa,Store
Mc Carthy Finance Inc,"2300 N 45th St Seattle WA, 98103"
Merchantservice.Com,"1121 Westlake Avenue North Seattle WA, 98124"
Monetary Management Of Ca Inc,"1206 1St Ave Seattle WA, 98101"
Monetary Management Of Ca Inc,"6055 M L King Jr Way S Seattle WA, 98118"
Monetary Management Of Ca Inc,"7266 Rainier Ave S Seattle WA, 98118"
Monetary Management Of Ca Inc,"652 Strander Blvd A Seattle WA, 98188"
Monetary Management Of Ca Inc,"1407 E Madison St Seattle WA, 98122"
Monetary Management Of Ca Inc,"1774 Rainier Ave S Seattle WA, 98144"
Money Mart,"605 Mlk J Seattle WA, 98101"
Money Tree,"2019 Northwest Market Street Suite C Seattle WA, 98107"
Money Tree,"Avenue North Seattle WA, 98101- Tel: (206)"
Money Tree,"10500 Greenwood Avenue North Seattle WA, 98133- Tel: (206)"
Money Tree,"6527 4th Avenue South Seattle WA, 98108- Tel: (206)"
Money Tree,"2019 Northwest Market Street Suite C Seattle WA, 98107- Tel: (206)"
Money Tree,"715 3Rd Avenue Seattle WA, 98104- Tel: (206)"
Money Tree,"551 Northeast Northgate Way Seattle WA, 98125- Tel: (206)"
Money Tree,"4012 Sw Alaska St Seattle WA, 98116- Tel: (206)"
Money Tree,"528 Rainier Ave S Seattle WA, 98144- Tel: (206)"
Money Tree,"1528 3rd Ave Seattle WA, 98101- Tel: (206)"
Money Tree,"12513 Lake City Way Ne Seattle WA, 98125- Tel: (206)"
Money Tree,"2019 Nw Market St Seattle WA, 98107- Tel: (206)"
Money Tree,"4436 Rainier Ave S Seattle WA, 98118- Tel: (206)"
Money Tree,"1528 3rd Ave # Ae Seattle WA, 98101- Tel: (206)"
Money Tree,"1400 Madison St Seattle WA, 98104- Tel: (206)"
Paymaster,"Seattle Seattle WA, 98148- Tel: (206)"
Quick Cash Inc,"9456 35th Ave Sw Seattle WA, 98126- Tel: (206)"
Quick Cash Inc,"9436 Rainier Ave S Seattle WA, 98118- Tel: (206)"
Quik Cash,"12421 Renton Ave S Seattle WA, 98178- Tel: (206)"
United Cash Advance,"1318 East Pike Street Seattle WA, 98122- Tel: (206)"
Associated Credit Service Inc,"1539 Northeast 177th Street Suite C Shoreline WA, 981553"
Check Into Cash,"15216 Aurora Avenue North Shoreline WA, 98133"
Check Masters,"North Aurora Store, Seattle Stores"
Cash It Incorporated,"141st Spanaway WA, 98387"
Cash N Advance,"15014 Pacific Avenue Spanaway WA, 98387"
Check Into Cash,"17701 Pacific Avenue South Spanaway WA, 98387"
Express Financial Centers,"17501 Pacific Ave S Spanaway WA, 98387"
Ace Cash Advance,"12027 E Sprague Ave Spokane WA, 99206"
Ace Cash Advance,"8701 N Division St Spokane WA, 99218"
Ace Cash Express,"814 W Francis Ave Spokane WA, 99205"
Ace Cash Express,"3923 N Market St Spokane WA, 99207"
Ace Cash Express,"3505 N Division St Spokane WA, 99207"
Action Tax Express,"4750 North Division Street Spokane WA, 99207"
Advance America,"1601 North Division Street Spokane WA, 99207"
Advance America,"2401 West Wellesley Avenue Spokane WA, 99205"
Advance Til Payday,"520 South Thor Street Spokane WA, 99202"
Advance Til Payday,"4507 North Nevada Street Spokane WA, 99207"
Allied Cash Advance,"410 E Holland Ave Spokane WA, 99218"
Automated Accounts Inc,"220 West Francis Avenue Spokane WA, 99205"
Cash Express Inc,"2323 N Ash St Ste A Spokane WA, 99205"
Cash In A Flash,"223 North Division Street Spokane WA, 99202"
Cash In A Flash,"2503 East Sprague Avenue Spokane WA, 99202"
Cash Source,"1616 West 2Nd Avenue Spokane WA, 99204"
Cash Store,"5920 North Division Street Spokane WA, 99208"
Cash Store,"9301 North Division Street Suite B Spokane WA, 99218"
Cashlinq Com,"101 East Magnesium Road Suite 200 Spokane WA, 99208"
Check Into Cash,"15735 East Broadway Avenue Spokane WA, 99201"
Check Into Cash,"920 North Division Street Spokane WA, 99202"
Check Into Cash of Washington,"555 E Francis Ave Spokane WA, 99208"
Check-X-Change,"4516 North Division Street Spokane WA, 99207"
Checks Cashed-Moneytree,"3527 East Sprague Avenue Suite 6 Spokane WA, 99202"
Honey Bee Check Cashing & Payd,"3415 N Market St Spokane WA, 99207"
Little Loan Shoppe America,"3029 East Mission Avenue Spokane WA, 99202"
Little Loan Shoppe America,"1514 West Northwest Boulevard Spokane WA, 99205"
Moneytree,"1420 West 3Rd Avenue Spokane WA, 99204"
Moneytree,"9222 N Newport Hwy Spokane WA, 99218"
Moneytree,"2926 S Regal St Spokane WA, 99223"
Moneytree,"4516 N Division St Spokane WA, 99207"
Moneytree Check Cashing,"3527 E Sprague Ave Spokane WA, 99202"
Moneytree Inc,"4808 E Sprague Ave Spokane WA, 99212"
Norris Wayne E,"1004 East 29th Avenue Spokane WA, 99203"
Quik Cash,"6515 N Division St Spokane WA, 99208"
Quik Cash,"1621 S Ray St Spokane WA, 99223"
Quik Cash,"3203 N Market St Spokane WA, 99207"
Rent A Center,"4223 N Division St Spokane WA, 99207"
Rent A Center,"824 E Francis Ave Spokane WA, 99208"
The Cash Store,"5920 North Division Street Spokane WA, 99208"
Advance America,"11422 East Sprague Avenue Spokane Valley WA, 99206"
Advance Til Payday,"11305 East Sprague Avenue Spokane Valley WA, 99206"
American Micro Loan Llc,"15124 East Sprague Avenue Spokane Valley WA, 99037"
Cash Store,"1509 North Pines Road Spokane Valley WA, 99206"
Cash Store,"8901 East Trent Avenue Suite 103 Spokane Valley WA, 99212"
Check Into Cash,"15735 East Broadway Avenue Spokane Valley WA, 99037"
Check Into Cash,"1521 North Argonne Road Spokane Valley WA, 99212"
Check Point Check Cashing,"12510 East Sprague Avenue Suite 8 Spokane Valley WA, 99216"
Check-X-Change,"12510 East Sprague Avenue Spokane Valley WA, 99216"
Fbi F & E Check Protector Company,"10319 East Sinto Avenue Spokane Valley WA, 99206"
Money Tree Inc,"4808 East Sprague Avenue Spokane Valley WA, 99212"
Valley Empire Collection,"11707 East Montgomery Drive Spokane Valley WA, 99206"
Ace Cash Express,"13127 Pacific Ave S Tacoma WA, 98444"
Ace Cash Express,"8425 S Hosmer St Tacoma WA, 98444"
Ace Cash Express,"1314 72nd St E Tacoma WA, 98404"
Ace Cash Express,"5013 S 56th St Tacoma WA, 98409- Tel: (253)-472-2956"
Ace Cash Express,"7610 S Tacoma Way Tacoma WA, 98409"
Ace Cash Express,"7030 Tacoma Mall Blvd Tacoma WA, 98409"
Ace Cash Express,"4916 Center St Tacoma WA, 98409"
Ace Cash Express,"3713 Pacific Ave Tacoma WA, 98418"
Ace Cash Express,"15725 Pacific Ave S Tacoma WA, 98444"
Ace Cash Express,"10707 Pacific Ave S Tacoma WA, 98444"
Ace Cash Express,"6302 6th Ave Tacoma WA, 98406"
Ace Cash Express,"2632 S 38th St Tacoma WA, 98409"
Advance America,"102 Military Road South Tacoma WA, 98444"
Advance America,"2727 North Pearl Street Tacoma WA, 98407"
Advance America,"4915 Center St Ste D Tacoma WA, 98409"
Advance America,"101 S 38th St Tacoma WA, 98418"
Advance America,"1625 E 72nd St Tacoma WA, 98404"
Advance America,"11106 Pacific Ave S Tacoma WA, 98444"
Advance America,"1690 Marine View Dr Tacoma WA, 98422"
Advance America,"3602 6th Ave Tacoma WA, 98406"
Associated Credit Service Inc,"Tacoma Tacoma WA, 98402"
Best Check Cashing,"4314 East Portland Avenue Suite 3 Tacoma WA, 98404"
Cash 1,"7231 S Tacoma Way Tacoma WA, 98409"
Cash It Inc,"14117 Pacific Avenue South Suite C Tacoma WA, 98444"
Cash Plus,"Tacoma Tacoma WA, 98354"
Cash Plus,"2315 North Pearl Street Suite 6 Tacoma WA, 98406"
Cash Plus,"1812 South Mildred Street Tacoma WA, 98465"
Cashback Catalog Sales Inc,"15014 Pacific Avenue South Tacoma WA, 98444"
Cashback Catalog Sales Inc,"Tacoma Tacoma WA, 98402"
Check Into Cash,"5401 6Th Avenue Tacoma WA, 98406"
Check Into Cash,"1407 East 72Nd Street Tacoma WA, 98404"
Checkback Llc,"1130 Broadway Suite 202 Tacoma WA, 98402"
Checkpoint,Check Loans
Dollar Wise,"3833 Pacific Ave Ste A Tacoma WA, 98418"
Dollarwise,"2146 Southwest 36th Street Tacoma WA, 98402"
Dollarwise,"38th & Pacific Avenue Tacoma WA, 98402"
Express Financial Centers,"8842 Pacific Ave Tacoma WA, 98444"
International Bancard Srvs,"Tacoma Tacoma WA, 98402"
Loan Mart Money Mart,"1625 E 72nd St Ste 814 Tacoma WA, 98404"
Loan Mart Money Mart,"2901 S 38th St Ste D Tacoma WA, 98409"
Loan Mart Money Mart,"8225 Pacific Ave Tacoma WA, 98408"
Mj Serenity,"5700 100th St Sw Ste 630 Tacoma WA, 98499"
Monetary Management Of Ca Inc,"1701 Division Ave Tacoma WA, 98403"
Monetary Management Of Ca Inc,"1901 S 72Nd St Ste 36B Tacoma WA, 98408"
Money Mart,"1701 Division Avenue Tacoma WA, 98403"
Money Mart,"814 72nd St E Tacoma WA, 98404"
Moneytree,"10435 Pacific Avenue South Tacoma WA, 98444"
Moneytree,"2528 South 38th Street Suite E Tacoma WA, 98409"
Moneytree,"10437 Pacific Ave S Tacoma WA, 98444"
Quik Cash,"7030 Pacific Ave Tacoma WA, 98408"
Quik Cash,"14125 Pacific Ave S Ste D Tacoma WA, 98444"
Quik Cash,"6414 Yakima Ave Tacoma WA, 98408"
Access Cash,"2711 Ne Andresen Rd Vancouver WA, 98661"
Accounts Receivable,"1307 Northeast 78th Street Vancouver WA, 98665"
Ace America’s Cash Express,"Vancouver Vancouver WA, 98660"
Ace Cash Express,"6721 Ne Fourth Plain Blvd Vancouver WA, 98661"
Ace Cash Express,"2719 E Fourth Plain Blvd Vancouver WA, 98661"
Ace Cash Express,"2714 Ne 114th Ave Vancouver WA, 98684"
Advance America,"318 Ne 99th St Vancouver WA, 98665"
Advance America,"13503 Se Mill Plain Blvd Ste C Vancouver WA, 98684- Tel: (360)-254-8900"
Advance America,"1900 Ne 162nd Ave Ste D108 Vancouver WA, 98684"
Advance America,"8048 E Mill Plain Blvd Vancouver WA, 98664"
Advance America,"8101 Ne Parkway Dr Ste G2 Vancouver WA, 98662"
Advance America,"11500 Ne 76th St Ste A2 Vancouver WA, 98662"
Advance America,"7509 Ne Fourth Plain Rd Vancouver WA, 98662"
Bank Drafting Nw,"Vancouver Vancouver WA, 98662"
C Z Payday Loans Inc,"212 Ne 164th Ave Ste 23 Vancouver WA, 98684"
Cash & Go,Vancouver
Cash & Go,Vancouver
Cash Connection,"2800 East Fourth Plain Boulevard Vancouver WA, 98661"
Cash Store,"5508 Northeast Fourth Plain Boulevard Vancouver WA, 98661"
Cash Store,"1108 Northeast 78th Street Vancouver WA, 98665"
Check Cash Pacific,"516 Se Chkalov Dr Vancouver WA, 98683"
Check Cashing,"10309 Se Mill Plain Blvd Vancouver WA, 98664"
Check Into Cash,"3021 Northeast 72Nd Drive Suite 5 Vancouver WA, 98661"
Check Into Cash,"1307 Northeast 78Th Street Vancouver WA, 98665"
Check Into Cash,"221 Southeast 104Th Avenue Vancouver WA, 98664"
Checkmate,Fourth Plain
Cic Financial Services,"221E Ne 104th Ave Vancouver WA, 98664"
Cz Payday Loans,"212 Northeast 164th Avenue Suite 23 Vancouver WA, 98684"
Cz Payday Loans,"2700 Northeast Andresen Road Suite D1 Vancouver WA, 98661"
Cz Payday Loans,"10501 Northeast Highway 99 Vancouver WA, 98686"
Discovery Financial Services,"9707 Northeast 54th Street Suite A Vancouver WA, 98662"
Evergreen Payee Services,"1904 E 8th St Vancouver WA, 98661"
Moneytree,"9014 Ne Highway 99 Vancouver WA, 98665"
Nationwide Budget Finance,"6515 East Mill Plain Boulevard Vancouver WA, 98661"
Payday Advance,"7116 Northeast Fourth Plain Boulevard Vancouver WA, 98661"
Quik Cash,"6515 E Mill Plain Blvd Vancouver WA, 98661"
Quik Cash,"5210 E Fourth Plain Blvd Vancouver WA, 98661"
Quik Cash,"14930 Se Mill Plain Blvd Vancouver WA, 98684"
Rapid Cash,"7116 N E 4th Plain Rd Vancouver WA, 98660"
Rapid Cash,"10309 Se Mill Plain Blvd Vancouver WA, 98664"
Rent A Center,"4200 E Fourth Plain Blvd Vancouver WA, 98661"
The Cash Store,"5508 Northeast Fourth Plain Boulevard Vancouver WA, 98661"
The Cash Store,"Vancouver Vancouver WA, 98660"
The Cash Store,"At Highway 99 & Northeast 78 Vancouver WA, 98660"
Urgent Money,"2800 E Fourth Plain Blvd Vancouver WA, 98661"
Urgent Money Service,"2611 E Fourth Plain Blvd Vancouver WA, 98661"
Ace Cash Express,"1410 Plaza Way Walla Walla WA, 99362"
Allied Cash Advance,"1932 E Isaacs Ave Walla Walla WA, 99362"
Allied Cash Advance,"307 S 9th Ave Walla Walla WA, 99362"
Cash Store,"524 South 9th Avenue Walla Walla WA, 99362"
Check Into Cash,"1417 Plaza Way # B Walla Walla WA, 99362"
Check Into Cash,"1425 Plaza Way Walla Walla WA, 99362"
Checks Cashed-Moneytree,"495 North Wilbur Avenue Walla Walla WA, 99362"
Kb Loan Store,"1648 Plaza Way Walla Walla WA, 99362"
Kb Loan Store,"1626 Plaza Way Walla Walla WA, 99362"
Moneytree,"495 N Wilbur Ave Walla Walla WA, 99362"
Qc Financial Services,"524 S 9th Ave Walla Walla WA, 99362"
Rent A Center,"1759 E Isaacs Ave Walla Walla WA, 99362"
Ace Cash Express,"903 N Wenatchee Ave Wenatchee WA, 98801"
Advance America,"1250 North Wenatchee Avenue Suite F Wenatchee WA, 98801"
Advance Till Payday,"328 North Chelan Avenue Wenatchee WA, 98801"
Allied Cash Advance,"1118 N Miller St Wenatchee WA, 98801"
Apple Valley Check Cashing,"120 North Mission Street Wenatchee WA, 98801"
Apple Valley Check Cashing,"849 S Mission St Wenatchee WA, 98801"
Check Into Cash of Washington,"212 5th Street Wenatchee WA, 98801"
Checks R Us,"1501 N Miller St Ste B Wenatchee WA, 98801"
Kwik Cash,"1501B North Miller Street Wenatchee WA, 98801"
Moneytree,"1500 North Wenatchee Av Wenatchee WA, 98801"
Olympic Credit Service Inc,"235 Okanogan Avenue Wenatchee WA, 98801"
Quik Cash,"1100 N Miller St Wenatchee WA, 98801"
Qwik Cash Inc,"1501B N Miller St Wenatchee WA, 98801"
Rent A Center,"39 S Wenatchee Ave Wenatchee WA, 98801"
Yccs,"Po Box 2143 Wenatchee WA, 98807"
Ace Cash Express,"2204 W Nob Hill Blvd Yakima WA, 98902"
Ace Cash Express,"7 S 5th Ave Yakima WA, 98902"
Advance America,"806 Summitview Avenue Yakima WA, 98902"
Allied Cash Advance,"1300 N 40th Ave Yakima WA, 98908"
Allied Cash Advance,"1008 S 3rd Ave Yakima WA, 98902"
Armada Corporation,"1600 South 36th Avenue Yakima WA, 98902"
Caseta De Cambio,"110 East Walnut Street Yakima WA, 98901"
Cash-A-Check,"1303 South 1St Street Yakima WA, 98901"
Check Into Cash,"901 Summitview Avenue Suite 130 Yakima WA, 98902"
Country Store Check Cashing,"129 South 1St Street Yakima WA, 98901"
Ed & Moes Payday Loans,"308 W Yakima Ave Yakima WA, 98902"
Evergreen Financial Services,"1214 North 16th Avenue Yakima WA, 98902"
Merchants Medical-Dental Service Bureau Inc,"Yakima Yakima WA, 98901"
Money Merchant,"921 Summitview Avenue Yakima WA, 98902"
Moneytree,"1731 S 1st St Yakima WA, 98901"
Moneytree,"129 S 1st St Yakima WA, 98901"
Olympic Credit Service Inc,"Po Box 1661 Yakima WA, 98907"
Olympic Credit Service Inc,"714 East Viola Avenue Yakima WA, 98901"
Quick Cash Inc,"1336 S 1st St Yakima WA, 98901"
Quik Cash,"711 Summitview Ave Yakima WA, 98902"
Spot Check,"Tri City Yakima WA, 98901"
Spot Check,"Yakima Yakima WA, 98901"
The Money Merchant,"921 Summitview Ave Yakima WA, 98902"
Y C C S-A National Collections System,"2021 South 3Rd Avenue Yakima WA, 98903"
